{"val_loss": [7.971192841529846, 7.971192893981933, 7.9711929082870485, 7.971192955970764, 7.971192879676819, 7.971192860603333, 7.9711929178237915, 7.971192893981933, 7.971192874908447, 7.971192860603333], "val_acc": [0.5000000014901161, 0.5000000017881393, 0.5000000023841857, 0.5000000017881393, 0.5000000011920929, 0.5000000029802323, 0.5000000023841857, 0.5000000002980233, 0.5000000008940697, 0.5], "loss": [8.369752407073975, 8.290040731430054, 7.971192789077759, 7.891480875015259, 8.210328722000122, 8.369752597808837, 7.333497476577759, 7.333497381210327, 7.65234522819519, 8.290040540695191], "acc": [0.4750000014901161, 0.4799999952316284, 0.5000000059604645, 0.5050000131130219, 0.48499999940395355, 0.47500000298023226, 0.539999994635582, 0.5400000050663948, 0.5199999988079071, 0.4800000011920929]}